Workbook

Sheet Instrucciones
C2: SISTEMA DE GESTIÓN DE SEGURIDAD, SALUD OCUPACIONAL Y MEDIO AMBIENTE | G2: SSOMA
C3: PAUTA DE EVALUACIÓN PARA AUDITORÍA – SIGO-ECC-003-06 REV. 02 – RF 06 INCENDIO | G3: CODIGO:10031921-SSOMA-LST-XXX
G4: REV: 0 | H4: FECHA: 26-10-2026
B6: OBJETIVO | C6: Evaluar el cumplimiento del estándar SIGO-ECC-003-06 REV. 02 – RF 06 INCENDIO (Codelco) en el área o contrato auditado: controles críticos CCP1–CCP3 y CCM1–CCM2, y otros controles CP1–CP4 y CM1–CM2.
B7: CÓMO USAR | C7: 1) Completar los datos generales en la hoja "Pauta Auditoría". 2) Evaluar cada ítem en la columna RESULTADO (lista desplegable). 3) Registrar la evidencia observada en todo ítem NC y definir acción correctiva, responsable y plazo. 4) La hoja "Resumen" calcula el cumplimiento automáticamente.
B8: CELDAS A COMPLETAR | C8: Solo las celdas en blanco con borde: datos generales, columna RESULTADO, evidencia observada, acción correctiva, responsable y plazo. No modificar las columnas del requisito ni las fórmulas de la hoja Resumen.
B9: ESCALA | C9: C = Cumple (1 punto) · NC = No cumple (0 puntos) · NA = No aplica (no se considera en el cálculo).
B10: DESVIACIONES CRÍTICAS | C10: En los ítems "Desviación crítica", C significa que la desviación NO se observa y NC que SÍ se observa. Una sola desviación crítica observada deja el resultado como NO CONFORME y obliga a detener la actividad y reportar.
B11: ENTREVISTAS | C11: Aplicar las preguntas de verificación del estándar a trabajador/a, supervisor/a y ejecutivo/a. Si alguna respuesta es "NO": detener la actividad, aplicar tarjeta verde y notificar al supervisor (según anexos del estándar).
B12: % CUMPLIMIENTO | C12: Se calcula como C / (C + NC), por control, por componente y en total.
B13: CRITERIO DE RESULTADO | C13: ≥ 90 % Satisfactorio · 75 % – 89 % Aceptable con observaciones · < 75 % Deficiente · cualquier desviación crítica = NO CONFORME. (Umbrales propuestos; ajustar a la política de auditorías de la empresa o del mandante.)
B14: EJEMPLO DE LLENADO | C14: Ítem CCP2-ED2 · Resultado: NC · Evidencia observada: "PTC N° 1234 sin firma del supervisor autorizante" · Acción: "Reinstruir al supervisor y bloquear PTC sin firma" · Responsable: Jefe de terreno · Plazo: 30-10-2026.

Sheet Pauta Auditoría
E2: SISTEMA DE GESTIÓN DE SEGURIDAD, SALUD OCUPACIONAL Y MEDIO AMBIENTE | K2: SSOMA
E3: PAUTA DE EVALUACIÓN PARA AUDITORÍA – SIGO-ECC-003-06 REV. 02 – RF 06 INCENDIO | K3: CODIGO:10031921-SSOMA-LST-XXX
K4: REV: 0 | M4: FECHA: 26-10-2026
B6: OBRA O CONTRATO: | F6: ÁREA / INSTALACIÓN AUDITADA: | I6: DUEÑO/A DEL CONTROL:
B7: AUDITOR/A LÍDER: | F7: EQUIPO AUDITOR: | I7: FECHA AUDITORÍA: | L7: TIPO: INTERNA / EXTERNA
B9: N° ÍTEM | C9: CONTROL | D9: COMPONENTE | E9: REQUISITO / DESVIACIÓN / PREGUNTA | F9: CRITERIO Y EVIDENCIA A VERIFICAR | G9: FRECUENCIA MONITOREO | H9: MÉTODO | I9: RESULTADO (C / NC / NA) | J9: EVIDENCIA OBSERVADA / HALLAZGO | K9: ACCIÓN CORRECTIVA | L9: RESPONSABLE | M9: PLAZO
B10: CCP1 – MAPEO DE ÁREAS CRÍTICAS Y GESTIÓN DE MATERIALES COMBUSTIBLES E INFLAMABLES (Preventivo crítico)
B11: CCP1-ED1 | C11: CCP1 | D11: Estándar de desempeño | E11: Mapa de áreas críticas de riesgo de incendio | F11: Verificar que el proceso para identificar y mapear áreas críticas esté documentado, actualizado y difundido. En terreno verificar que los mapas son visibles y conocidos por el personal. | G11: Semestral | H11: Documental / Terreno
B12: CCP1-ED2 | C12: CCP1 | D12: Estándar de desempeño | E12: Procedimiento de almacenamiento y segregación | F12: Solicitar el procedimiento que define los requisitos para bodegas y zonas de almacenamiento (ventilación, contención, señalización). | G12: Anual | H12: Documental
B13: CCP1-ED3 | C13: CCP1 | D13: Estándar de desempeño | E13: Matriz de incompatibilidad química aplicada | F13: Solicitar la matriz de incompatibilidad y verificar en terreno que los productos químicos están segregados según corresponda. | G13: Mensual | H13: Documental / Terreno
B14: CCP1-ED4 | C14: CCP1 | D14: Estándar de desempeño | E14: Inventario y cantidades máximas controladas | F14: Solicitar el inventario de la bodega y verificar que no se exceden las cantidades máximas de almacenamiento permitidas. | G14: Trimestral | H14: Documental / Terreno
B15: CCP1-ED5 | C15: CCP1 | D15: Estándar de desempeño | E15: Hojas de Datos de Seguridad (HDS) disponibles | F15: Verificar que las HDS de todos los productos almacenados están disponibles, actualizadas y son conocidas por el personal. | G15: Semestral | H15: Documental / Terreno
B16: CCP1-ED6 | C16: CCP1 | D16: Estándar de desempeño | E16: Procedimientos de manipulación y derrame | F16: Solicitar los procedimientos para el trasvasije seguro y para la respuesta a derrames. Verificar que los kits de derrame están completos. | G16: Anual | H16: Documental / Terreno
B17: CCP1-DV1 | C17: CCP1 | D17: Desviación crítica | E17: Se almacenan materiales inflamables (ej. combustibles, solventes) junto a fuentes de ignición evidentes o en áreas no autorizadas. | F17: C = la desviación NO se observa · NC = se observa → detener la actividad y reportar | G17: — | H17: Terreno
B18: CCP1-DV2 | C18: CCP1 | D18: Desviación crítica | E18: Se almacenan productos químicos incompatibles (ej. ácidos con bases, oxidantes con combustibles) en la misma área de contención. | F18: C = la desviación NO se observa · NC = se observa → detener la actividad y reportar | G18: — | H18: Terreno
B19: CCP1-DV3 | C19: CCP1 | D19: Desviación crítica | E19: Se realiza trasvasije de combustible u otro líquido inflamable sin controlar derrames o la electricidad estática. | F19: C = la desviación NO se observa · NC = se observa → detener la actividad y reportar | G19: — | H19: Terreno
B20: CCP1-DV4 | C20: CCP1 | D20: Desviación crítica | E20: Una bodega de inflamables no cuenta con los sistemas básicos de seguridad requeridos (ventilación, contención de derrames). | F20: C = la desviación NO se observa · NC = se observa → detener la actividad y reportar | G20: — | H20: Terreno
B21: CCP1-DV5 | C21: CCP1 | D21: Desviación crítica | E21: Se acumula un derrame significativo de líquido inflamable y no se toman acciones inmediatas para limpiarlo y controlarlo. | F21: C = la desviación NO se observa · NC = se observa → detener la actividad y reportar | G21: — | H21: Terreno
B22: CCP1-EN1 | C22: CCP1 | D22: Entrevista | E22: Trabajador/a: ¿Conozco el mapa de riesgo de incendio del área? | F22: Entrevistar a trabajadores del área. C = responde y demuestra conocimiento. | G22: — | H22: Entrevista
... B24: CCP1-EN3 | C24: CCP1 | D24: Entrevista | E24: Ejecutivo/a: ¿Se cuenta con un mapa de riesgo de incendio y el personal lo conoce? ¿Están segregados y almacenados los materiales combustibles e inflamables? | F24: Entrevistar al ejecutivo/a o dueño/a del control. | G24: — | H24: Entrevista
B25: CCP2 – CONTROL DE TRABAJOS EN CALIENTE (Preventivo crítico)
B26: CCP2-ED1 | C26: CCP2 | D26: Estándar de desempeño | E26: Procedimiento de trabajo en caliente | F26: Solicitar el procedimiento vigente que define los requisitos para la planificación, autorización y ejecución de trabajos en caliente. | G26: Anual | H26: Documental
B27: CCP2-ED2 | C27: CCP2 | D27: Estándar de desempeño | E27: Permiso de Trabajo en Caliente (PTC) | F27: Solicitar el PTC de una tarea en ejecución o recién terminada, verificando su correcto llenado, firmas y autorización. | G27: Diario | H27: Documental
B28: CCP2-ED3 | C28: CCP2 | D28: Estándar de desempeño | E28: Inspección y segregación del área | F28: Verificar en terreno que el área del trabajo en caliente está limpia de combustibles y segregada físicamente (biombos, mantas). | G28: Por evento | H28: Terreno
B29: CCP2-ED4 | C29: CCP2 | D29: Estándar de desempeño | E29: Asignación de vigía de fuego | F29: Verificar en el PTC o en terreno que se ha designado un vigía de fuego exclusivo para la tarea y que permanece el tiempo requerido. | G29: Por evento | H29: Documental / Terreno
B30: CCP2-ED5 | C30: CCP2 | D30: Estándar de desempeño | E30: Equipos de extinción disponibles | F30: Verificar en terreno la existencia de un extintor operativo y apropiado en el punto de trabajo en caliente. | G30: Por evento | H30: Terreno
B31: CCP2-ED6 | C31: CCP2 | D31: Estándar de desempeño | E31: Personal capacitado | F31: Solicitar registros de capacitación: curso del riesgo de fatalidad y curso para ejecutor de trabajo en caliente y vigía. | G31: Anual | H31: Documental
B32: CCP2-DV1 | C32: CCP2 | D32: Desviación crítica | E32: Se ejecuta un trabajo en caliente (soldadura, oxicorte, etc.) sin un permiso de trabajo debidamente autorizado. | F32: C = la desviación NO se observa · NC = se observa → detener la actividad y reportar | G32: — | H32: Terreno
B33: CCP2-DV2 | C33: CCP2 | D33: Desviación crítica | E33: Se realiza un trabajo en caliente en un área con materiales combustibles o inflamables no retirados o protegidos. | F33: C = la desviación NO se observa · NC = se observa → detener la actividad y reportar | G33: — | H33: Terreno
B34: CCP2-DV3 | C34: CCP2 | D34: Desviación crítica | E34: Se realiza soldadura o corte en un estanque o tubería no certificado como purgado y libre de gases inflamables. | F34: C = la desviación NO se observa · NC = se observa → detener la actividad y reportar | G34: — | H34: Terreno
B35: CCP2-DV4 | C35: CCP2 | D35: Desviación crítica | E35: No se cuenta con un extintor operativo en el lugar donde se realiza el trabajo en caliente. | F35: C = la desviación NO se observa · NC = se observa → detener la actividad y reportar | G35: — | H35: Terreno
B36: CCP2-DV5 | C36: CCP2 | D36: Desviación crítica | E36: No se asigna un vigía de fuego durante una tarea de soldadura o corte en un área de alto riesgo de incendio. | F36: C = la desviación NO se observa · NC = se observa → detener la actividad y reportar | G36: — | H36: Terreno
B37: CCP2-EN1 | C37: CCP2 | D37: Entrevista | E37: Trabajador/a: ¿Tengo el permiso para el trabajo en caliente, instalé la segregación (biombos, mantas ignífugas), confirmé que el área está libre de combustibles y cuento con un extintor operativo? | F37: Entrevistar a ejecutores y vigía en terreno. | G37: — | H37: Entrevista
... B39: CCP2-EN3 | C39: CCP2 | D39: Entrevista | E39: Ejecutivo/a: ¿Se garantiza que todo trabajo en caliente cuente con permiso formal, área segregada y vigilancia continua hasta su finalización y posterior a éste? | F39: Entrevistar al ejecutivo/a o dueño/a del control. | G39: — | H39: Entrevista
B40: CCP3 – SISTEMAS DE PROTECCIÓN CONTRA FUENTES DE IGNICIÓN (Preventivo crítico)
B41: CCP3-ED1 | C41: CCP3 | D41: Estándar de desempeño | E41: Protecciones eléctricas certificadas y operativas | F41: Solicitar los registros de pruebas y certificación de las protecciones de sobrecarga y cortocircuito de equipos críticos. | G41: Anual | H41: Documental
B42: CCP3-ED2 | C42: CCP3 | D42: Estándar de desempeño | E42: Programa de inspección termográfica | F42: Solicitar el programa de termografía y los informes de las últimas inspecciones a tableros eléctricos y equipos mecánicos. | G42: Trimestral | H42: Documental
B43: CCP3-ED3 | C43: CCP3 | D43: Estándar de desempeño | E43: Gestión de hallazgos termográficos | F43: Solicitar los planes de acción derivados de los informes de termografía y verificar el cierre de las anomalías detectadas. | G43: Mensual | H43: Documental
B44: CCP3-ED4 | C44: CCP3 | D44: Estándar de desempeño | E44: Integridad de cables e instalaciones eléctricas | F44: Solicitar los registros de inspección planeada que verifiquen el buen estado de cables, canalizaciones y tableros eléctricos. | G44: Mensual | H44: Documental / Terreno
B45: CCP3-ED5 | C45: CCP3 | D45: Estándar de desempeño | E45: Sistemas de detección de temperatura operativos | F45: Verificar en terreno o en sala de control que los sensores de temperatura de equipos críticos (correas, motores) están en línea y funcionando. | G45: Semanal | H45: Terreno
B46: CCP3-ED6 | C46: CCP3 | D46: Estándar de desempeño | E46: Mantenimiento preventivo de componentes mecánicos | F46: Solicitar el programa de mantenimiento y los registros de ejecución para componentes con riesgo de sobrecalentamiento por fricción. | G46: Trimestral | H46: Documental
B47: CCP3-DV1 | C47: CCP3 | D47: Desviación crítica | E47: Un equipo eléctrico crítico opera con sus protecciones de sobrecarga o cortocircuito "puenteadas" o fuera de servicio. | F47: C = la desviación NO se observa · NC = se observa → detener la actividad y reportar | G47: — | H47: Terreno
B48: CCP3-DV2 | C48: CCP3 | D48: Desviación crítica | E48: Se identifica un punto caliente crítico (al rojo) en termografía y no se detiene el equipo de inmediato para su corrección. | F48: C = la desviación NO se observa · NC = se observa → detener la actividad y reportar | G48: — | H48: Documental / Terreno
B49: CCP3-DV3 | C49: CCP3 | D49: Desviación crítica | E49: Se opera un equipo con cables de fuerza con su aislación visiblemente dañada y expuesta. | F49: C = la desviación NO se observa · NC = se observa → detener la actividad y reportar | G49: — | H49: Terreno
B50: CCP3-DV4 | C50: CCP3 | D50: Desviación crítica | E50: Un sistema de supresión de incendios de un equipo está inoperativo y el equipo continúa en funcionamiento. | F50: C = la desviación NO se observa · NC = se observa → detener la actividad y reportar | G50: — | H50: Terreno
B51: CCP3-DV5 | C51: CCP3 | D51: Desviación crítica | E51: Se ignora y normaliza una alarma recurrente de alta temperatura en un componente mecánico crítico (ej. polín de correa). | F51: C = la desviación NO se observa · NC = se observa → detener la actividad y reportar | G51: — | H51: Documental / Terreno
B52: CCP3-EN1 | C52: CCP3 | D52: Entrevista | E52: Trabajador/a: ¿Verifiqué que los equipos que opero no presentan sobrecalentamiento, cables dañados o alarmas activadas, y sé que debo detenerlos y reportar cualquier anomalía? | F52: Entrevistar a operadores de equipos. | G52: — | H52: Entrevista
... B54: CCP3-EN3 | C54: CCP3 | D54: Entrevista | E54: Ejecutivo/a: ¿Existe un programa que asegure que las protecciones eléctricas y mecánicas críticas están certificadas, operativas y con termografías vigentes? | F54: Entrevistar al ejecutivo/a o dueño/a del control. | G54: — | H54: Entrevista
B55: CCM1 – SISTEMAS DE DETECCIÓN Y EXTINCIÓN DE INCENDIOS (Mitigador crítico)
B56: CCM1-ED1 | C56: CCM1 | D56: Estándar de desempeño | E56: Programa de Inspección y Mantenimiento (PIM) | F56: Solicitar el PIM para todos los sistemas contra incendios y los registros que evidencien su cumplimiento. | G56: Trimestral | H56: Documental
B57: CCM1-ED2 | C57: CCM1 | D57: Estándar de desempeño | E57: Sistemas de detección automática operativos | F57: Solicitar los informes de las últimas pruebas funcionales a los sistemas de detección de humo, calor o llama. | G57: Semestral | H57: Documental
B58: CCM1-ED3 | C58: CCM1 | D58: Estándar de desempeño | E58: Sistemas de supresión automática operativos | F58: Solicitar los certificados de inspección y mantenimiento de los sistemas de supresión de equipos móviles y salas críticas. | G58: Trimestral | H58: Documental
B59: CCM1-ED4 | C59: CCM1 | D59: Estándar de desempeño | E59: Extintores portátiles inspeccionados y certificados | F59: Verificar en terreno que los extintores tienen sello de inspección mensual y certificación anual vigente, y están libres de obstrucción. | G59: Mensual | H59: Terreno
B60: CCM1-ED5 | C60: CCM1 | D60: Estándar de desempeño | E60: Redes húmedas y gabinetes operativos | F60: Solicitar los registros de inspección y pruebas de caudal/presión de las redes húmedas y el estado de sus gabinetes. | G60: Semestral | H60: Documental / Terreno
B61: CCM1-ED6 | C61: CCM1 | D61: Estándar de desempeño | E61: Personal capacitado en uso de extintores | F61: Solicitar los registros de capacitación del personal en el uso de extintores portátiles. | G61: Anual | H61: Documental
B62: CCM1-DV1 | C62: CCM1 | D62: Desviación crítica | E62: Un equipo móvil de alto tonelaje o sala eléctrica crítica opera con su sistema de supresión automática fuera de servicio. | F62: C = la desviación NO se observa · NC = se observa → detener la actividad y reportar | G62: — | H62: Terreno
B63: CCM1-DV2 | C63: CCM1 | D63: Desviación crítica | E63: Un área crítica con riesgo de incendio (ej. bodega de inflamables) no cuenta con detección automática de incendios operativa. | F63: C = la desviación NO se observa · NC = se observa → detener la actividad y reportar | G63: — | H63: Terreno
B64: CCM1-DV3 | C64: CCM1 | D64: Desviación crítica | E64: Un número significativo de extintores del área tiene carga vencida, está despresurizado o bloqueado. | F64: C = la desviación NO se observa · NC = se observa → detener la actividad y reportar | G64: — | H64: Terreno
B65: CCM1-DV4 | C65: CCM1 | D65: Desviación crítica | E65: Una red húmeda no tiene presión o está fuera de servicio sin medidas de control compensatorias. | F65: C = la desviación NO se observa · NC = se observa → detener la actividad y reportar | G65: — | H65: Terreno
B66: CCM1-DV5 | C66: CCM1 | D66: Desviación crítica | E66: Se activa una alarma de incendio confirmada y el sistema de supresión automático del área no se activa. | F66: C = la desviación NO se observa · NC = se observa → detener la actividad y reportar | G66: — | H66: Documental / Terreno
B67: CCM1-EN1 | C67: CCM1 | D67: Entrevista | E67: Trabajador/a: ¿Conozco la ubicación de extintores y alarmas de incendio de mi área, y verifiqué que están operativos, sin obstrucciones y con su inspección al día? | F67: Entrevistar a trabajadores del área. | G67: — | H67: Entrevista
... B69: CCM1-EN3 | C69: CCM1 | D69: Entrevista | E69: Ejecutivo/a: ¿Se asegura que los sistemas de detección y extinción (automáticos, portátiles y redes) están instalados, certificados y operativos en todas las áreas críticas? | F69: Entrevistar al ejecutivo/a o dueño/a del control. | G69: — | H69: Entrevista
B70: CCM2 – CAPACIDAD DE RESPUESTA ANTE EMERGENCIAS (Mitigador crítico)
B71: CCM2-ED1 | C71: CCM2 | D71: Estándar de desempeño | E71: Plan de emergencia específico para incendios | F71: Solicitar el plan de emergencia y verificar su actualización, incluyendo roles, protocolos de comunicación y evacuación. | G71: Anual | H71: Documental
B72: CCM2-ED2 | C72: CCM2 | D72: Estándar de desempeño | E72: Brigada de emergencia entrenada | F72: Solicitar los registros de entrenamiento de los integrantes de la brigada. | G72: Semestral | H72: Documental
B73: CCM2-ED3 | C73: CCM2 | D73: Estándar de desempeño | E73: Equipamiento de brigada y rescate operativo | F73: Solicitar los registros de inspección mensual de los equipos de la brigada (trajes, ERA, herramientas, carro bomba). | G73: Mensual | H73: Documental / Terreno
B74: CCM2-ED4 | C74: CCM2 | D74: Estándar de desempeño | E74: Sistemas de alarma y comunicación funcionales | F74: Solicitar registros de pruebas funcionales de los sistemas de alarma y de los canales de comunicación de emergencia. | G74: Trimestral | H74: Documental
B75: CCM2-ED5 | C75: CCM2 | D75: Estándar de desempeño | E75: Simulacros específicos realizados y evaluados | F75: Solicitar el informe del último simulacro de incendio, verificando tiempos de respuesta, evacuación y planes de acción. | G75: Semestral | H75: Documental
B76: CCM2-ED6 | C76: CCM2 | D76: Estándar de desempeño | E76: Vías de evacuación despejadas y señalizadas | F76: Inspeccionar en terreno que las rutas de evacuación, salidas y puntos de encuentro están despejados. | G76: Mensual | H76: Terreno
B77: CCM2-DV1 | C77: CCM2 | D77: Desviación crítica | E77: Se activa una alarma de incendio y el sistema de comunicación principal para coordinar a la brigada no funciona. | F77: C = la desviación NO se observa · NC = se observa → detener la actividad y reportar | G77: — | H77: Documental / Terreno
B78: CCM2-DV2 | C78: CCM2 | D78: Desviación crítica | E78: La brigada no está disponible, no cuenta con el personal mínimo o su equipamiento crítico no está operativo. | F78: C = la desviación NO se observa · NC = se observa → detener la actividad y reportar | G78: — | H78: Documental / Terreno
B79: CCM2-DV3 | C79: CCM2 | D79: Desviación crítica | E79: Una vía de evacuación principal o salida de emergencia está bloqueada u obstruida. | F79: C = la desviación NO se observa · NC = se observa → detener la actividad y reportar | G79: — | H79: Terreno
B80: CCM2-DV4 | C80: CCM2 | D80: Desviación crítica | E80: El personal no evacúa un área tras un aviso de incendio. | F80: C = la desviación NO se observa · NC = se observa → detener la actividad y reportar | G80: — | H80: Terreno
B81: CCM2-DV5 | C81: CCM2 | D81: Desviación crítica | E81: Se desconoce la ubicación o el número de personas en el área afectada por falla en los sistemas de control de ingreso. | F81: C = la desviación NO se observa · NC = se observa → detener la actividad y reportar | G81: — | H81: Documental / Terreno
B82: CCM2-EN1 | C82: CCM2 | D82: Entrevista | E82: Trabajador/a: En caso de incendio, ¿conozco la alarma, sé cómo dar el aviso de emergencia y conozco la ruta de evacuación y el punto de encuentro? | F82: Entrevistar a trabajadores del área. | G82: — | H82: Entrevista
... B84: CCM2-EN3 | C84: CCM2 | D84: Entrevista | E84: Ejecutivo/a: ¿Se dispone de un plan de emergencia probado, brigada entrenada y recursos operativos para responder eficazmente a un incendio? | F84: Entrevistar al ejecutivo/a o dueño/a del control. | G84: — | H84: Entrevista
B85: CP1 – ZONAS DESIGNADAS PARA FUMAR (Otro control preventivo)
B86: CP1-R1 | C86: CP1 | D86: Requisito del control | E86: Prohibido fumar en áreas operativas, salvo en zonas explícitamente designadas, autorizadas y habilitadas. | F86: Verificar en terreno ausencia de fumadores o colillas fuera de zonas habilitadas. | G86: — | H86: Terreno
B87: CP1-R2 | C87: CP1 | D87: Requisito del control | E87: Zonas de fumadores señalizadas, delimitadas y con recipientes seguros (colilleros). | F87: Verificar en terreno señalización, delimitación y colilleros. | G87: — | H87: Terreno
B88: CP1-R3 | C88: CP1 | D88: Requisito del control | E88: Zonas de fumadores a distancia segura de combustibles, inflamables y bodegas de sustancias peligrosas, según mapa de riesgos. | F88: Contrastar ubicación en terreno con el mapa de riesgos. | G88: — | H88: Documental / Terreno
B89: CP2 – SISTEMA DE REFRIGERACIÓN DE EQUIPOS (Otro control preventivo)
B90: CP2-R1 | C90: CP2 | D90: Requisito del control | E90: Equipos y componentes críticos de alta temperatura con sistemas de refrigeración operativos según fabricante. | F90: Verificar en terreno el estado de los sistemas de refrigeración. | G90: — | H90: Terreno
B91: CP2-R2 | C91: CP2 | D91: Requisito del control | E91: Programa de inspección y mantenimiento de refrigeración (radiadores, ventiladores, niveles) con registro de cada intervención. | F91: Solicitar programa y registros de mantenimiento. | G91: — | H91: Documental
B92: CP2-R3 | C92: CP2 | D92: Requisito del control | E92: Operador verifica diariamente la refrigeración en la inspección pre-operacional y monitorea indicadores de temperatura. | F92: Revisar check list pre-operacional y entrevistar al operador. | G92: — | H92: Documental / Terreno
B93: CP2-R4 | C93: CP2 | D93: Requisito del control | E93: Anomalías, fugas o sobrecalentamiento se reportan de inmediato y el equipo se detiene hasta su reparación. | F93: Revisar reportes de anomalías y su gestión. | G93: — | H93: Documental
B94: CP3 – ENCLAVAMIENTO DE SISTEMAS DE AIRE ACONDICIONADO EN SALAS ELÉCTRICAS (Otro control preventivo)
B95: CP3-R1 | C95: CP3 | D95: Requisito del control | E95: HVAC de salas eléctricas enclavado con detección de incendios para cortar el suministro de aire en caso de amago. | F95: Verificar en terreno la existencia del enclavamiento. | G95: — | H95: Terreno
B96: CP3-R2 | C96: CP3 | D96: Requisito del control | E96: Pruebas funcionales documentadas de que la señal del detector detiene el sistema HVAC. | F96: Solicitar registros de pruebas funcionales. | G96: — | H96: Documental
B97: CP3-R3 | C97: CP3 | D97: Requisito del control | E97: Lógica del enclavamiento documentada en planos; modificaciones gestionadas por gestión del cambio. | F97: Solicitar planos eléctricos / de control y registros de gestión del cambio. | G97: — | H97: Documental
B98: CP3-R4 | C98: CP3 | D98: Requisito del control | E98: El enclavamiento no se neutraliza ni pasa a modo manual sin autorización formal y por tiempo acotado. | F98: Verificar estado en sala eléctrica y registros de bypass. | G98: — | H98: Documental / Terreno
B99: CP4 – PROTECCIONES PARA MANGUERAS HIDRÁULICAS (Otro control preventivo)
B100: CP4-R1 | C100: CP4 | D100: Requisito del control | E100: Mangueras hidráulicas con fluidos inflamables protegidas contra daño mecánico y superficies calientes. | F100: Verificar en terreno la protección de mangueras. | G100: — | H100: Terreno
B101: CP4-R2 | C101: CP4 | D101: Requisito del control | E101: Revestimientos protectores (fundas ignífugas, espirales) en tramos expuestos a roce, abrasión o fuentes de calor. | F101: Inspeccionar equipos en terreno. | G101: — | H101: Terreno
B102: CP4-R3 | C102: CP4 | D102: Requisito del control | E102: El operador verifica en sus inspecciones que las protecciones están en su lugar y sin roces con partes móviles. | F102: Revisar check list del equipo y entrevistar al operador. | G102: — | H102: Documental / Terreno
B103: CP4-R4 | C103: CP4 | D103: Requisito del control | E103: No se operan equipos con mangueras desprotegidas o dañadas; las condiciones de riesgo se reportan. | F103: Verificar en terreno y revisar reportes. | G103: — | H103: Documental / Terreno
B104: CM1 – ZANJAS CORTAFUEGO (Otro control mitigador)
B105: CM1-R1 | C105: CM1 | D105: Requisito del control | E105: Zanjas o franjas libres de vegetación y combustibles alrededor de instalaciones críticas o áreas con alta carga de fuego. | F105: Verificar en terreno su existencia. | G105: — | H105: Terreno
B106: CM1-R2 | C106: CM1 | D106: Requisito del control | E106: Ubicación y dimensiones definidas por el supervisor según mapa de riesgos, topografía y carga combustible. | F106: Solicitar definición / plano de zanjas cortafuego. | G106: — | H106: Documental
B107: CM1-R3 | C107: CM1 | D107: Requisito del control | E107: Programa de mantenimiento periódico que asegure zanjas despejadas. | F107: Solicitar programa y registros de mantenimiento. | G107: — | H107: Documental
B108: CM1-R4 | C108: CM1 | D108: Requisito del control | E108: Inspecciones programadas incluyen la verificación de las zanjas y gestión de acciones correctivas. | F108: Revisar registros de inspección. | G108: — | H108: Documental
...

Sheet Resumen
D2: SISTEMA DE GESTIÓN DE SEGURIDAD, SALUD OCUPACIONAL Y MEDIO AMBIENTE | I2: SSOMA
D3: RESUMEN DE AUDITORÍA – SIGO-ECC-003-06 REV. 02 – RF 06 INCENDIO | I3: CODIGO:10031921-SSOMA-LST-XXX
I4: REV: 0 | J4: FECHA: 26-10-2026
B6: A. CUMPLIMIENTO POR CONTROL
B7: CÓDIGO | C7: CONTROL | D7: TIPO | E7: N° ÍTEMS | F7: C | G7: NC | H7: NA | I7: % CUMPLIMIENTO | J7: DESVIACIONES CRÍTICAS
B8: CCP1 | C8: Mapeo de áreas críticas y Gestión de Materiales Combustibles e Inflamables | D8: Preventivo crítico | E8: =COUNTIF('Pauta Auditoría'!$C$10:$C$113,B8) -> 14 | F8: =COUNTIFS('Pauta Auditoría'!$C$10:$C$113,B8,'Pauta Auditoría'!$I$10:$I$113,"C") -> 0 | G8: =COUNTIFS('Pauta Auditoría'!$C$10:$C$113,B8,'Pauta Auditoría'!$I$10:$I$113,"NC") -> 0 | H8: =COUNTIFS('Pauta Auditoría'!$C$10:$C$113,B8,'Pauta Auditoría'!$I$10:$I$113,"NA") -> 0 | I8: =IF(F8+G8=0,"",F8/(F8+G8)) | J8: =COUNTIFS('Pauta Auditoría'!$C$10:$C$113,B8,'Pauta Auditoría'!$D$10:$D$113,"Desviación crítica",'Pauta Auditoría'!$I$10:$I$113,"NC") -> 0
B9: CCP2 | C9: Control de trabajos en caliente | D9: Preventivo crítico | E9: =COUNTIF('Pauta Auditoría'!$C$10:$C$113,B9) -> 14 | F9: =COUNTIFS('Pauta Auditoría'!$C$10:$C$113,B9,'Pauta Auditoría'!$I$10:$I$113,"C") -> 0 | G9: =COUNTIFS('Pauta Auditoría'!$C$10:$C$113,B9,'Pauta Auditoría'!$I$10:$I$113,"NC") -> 0 | H9: =COUNTIFS('Pauta Auditoría'!$C$10:$C$113,B9,'Pauta Auditoría'!$I$10:$I$113,"NA") -> 0 | I9: =IF(F9+G9=0,"",F9/(F9+G9)) | J9: =COUNTIFS('Pauta Auditoría'!$C$10:$C$113,B9,'Pauta Auditoría'!$D$10:$D$113,"Desviación crítica",'Pauta Auditoría'!$I$10:$I$113,"NC") -> 0
B10: CCP3 | C10: Sistemas de protección contra fuentes de ignición | D10: Preventivo crítico | E10: =COUNTIF('Pauta Auditoría'!$C$10:$C$113,B10) -> 14 | F10: =COUNTIFS('Pauta Auditoría'!$C$10:$C$113,B10,'Pauta Auditoría'!$I$10:$I$113,"C") -> 0 | G10: =COUNTIFS('Pauta Auditoría'!$C$10:$C$113,B10,'Pauta Auditoría'!$I$10:$I$113,"NC") -> 0 | H10: =COUNTIFS('Pauta Auditoría'!$C$10:$C$113,B10,'Pauta Auditoría'!$I$10:$I$113,"NA") -> 0 | I10: =IF(F10+G10=0,"",F10/(F10+G10)) | J10: =COUNTIFS('Pauta Auditoría'!$C$10:$C$113,B10,'Pauta Auditoría'!$D$10:$D$113,"Desviación crítica",'Pauta Auditoría'!$I$10:$I$113,"NC") -> 0
B11: CCM1 | C11: Sistemas de detección y extinción de incendios | D11: Mitigador crítico | E11: =COUNTIF('Pauta Auditoría'!$C$10:$C$113,B11) -> 14 | F11: =COUNTIFS('Pauta Auditoría'!$C$10:$C$113,B11,'Pauta Auditoría'!$I$10:$I$113,"C") -> 0 | G11: =COUNTIFS('Pauta Auditoría'!$C$10:$C$113,B11,'Pauta Auditoría'!$I$10:$I$113,"NC") -> 0 | H11: =COUNTIFS('Pauta Auditoría'!$C$10:$C$113,B11,'Pauta Auditoría'!$I$10:$I$113,"NA") -> 0 | I11: =IF(F11+G11=0,"",F11/(F11+G11)) | J11: =COUNTIFS('Pauta Auditoría'!$C$10:$C$113,B11,'Pauta Auditoría'!$D$10:$D$113,"Desviación crítica",'Pauta Auditoría'!$I$10:$I$113,"NC") -> 0
B12: CCM2 | C12: Capacidad de respuesta ante emergencias | D12: Mitigador crítico | E12: =COUNTIF('Pauta Auditoría'!$C$10:$C$113,B12) -> 14 | F12: =COUNTIFS('Pauta Auditoría'!$C$10:$C$113,B12,'Pauta Auditoría'!$I$10:$I$113,"C") -> 0 | G12: =COUNTIFS('Pauta Auditoría'!$C$10:$C$113,B12,'Pauta Auditoría'!$I$10:$I$113,"NC") -> 0 | H12: =COUNTIFS('Pauta Auditoría'!$C$10:$C$113,B12,'Pauta Auditoría'!$I$10:$I$113,"NA") -> 0 | I12: =IF(F12+G12=0,"",F12/(F12+G12)) | J12: =COUNTIFS('Pauta Auditoría'!$C$10:$C$113,B12,'Pauta Auditoría'!$D$10:$D$113,"Desviación crítica",'Pauta Auditoría'!$I$10:$I$113,"NC") -> 0
B13: CP1 | C13: Zonas designadas para fumar | D13: Otro control preventivo | E13: =COUNTIF('Pauta Auditoría'!$C$10:$C$113,B13) -> 3 | F13: =COUNTIFS('Pauta Auditoría'!$C$10:$C$113,B13,'Pauta Auditoría'!$I$10:$I$113,"C") -> 0 | G13: =COUNTIFS('Pauta Auditoría'!$C$10:$C$113,B13,'Pauta Auditoría'!$I$10:$I$113,"NC") -> 0 | H13: =COUNTIFS('Pauta Auditoría'!$C$10:$C$113,B13,'Pauta Auditoría'!$I$10:$I$113,"NA") -> 0 | I13: =IF(F13+G13=0,"",F13/(F13+G13)) | J13: =COUNTIFS('Pauta Auditoría'!$C$10:$C$113,B13,'Pauta Auditoría'!$D$10:$D$113,"Desviación crítica",'Pauta Auditoría'!$I$10:$I$113,"NC") -> 0
B14: CP2 | C14: Sistema de refrigeración de equipos | D14: Otro control preventivo | E14: =COUNTIF('Pauta Auditoría'!$C$10:$C$113,B14) -> 4 | F14: =COUNTIFS('Pauta Auditoría'!$C$10:$C$113,B14,'Pauta Auditoría'!$I$10:$I$113,"C") -> 0 | G14: =COUNTIFS('Pauta Auditoría'!$C$10:$C$113,B14,'Pauta Auditoría'!$I$10:$I$113,"NC") -> 0 | H14: =COUNTIFS('Pauta Auditoría'!$C$10:$C$113,B14,'Pauta Auditoría'!$I$10:$I$113,"NA") -> 0 | I14: =IF(F14+G14=0,"",F14/(F14+G14)) | J14: =COUNTIFS('Pauta Auditoría'!$C$10:$C$113,B14,'Pauta Auditoría'!$D$10:$D$113,"Desviación crítica",'Pauta Auditoría'!$I$10:$I$113,"NC") -> 0
B15: CP3 | C15: Enclavamiento de sistemas de aire acondicionado en salas eléctricas | D15: Otro control preventivo | E15: =COUNTIF('Pauta Auditoría'!$C$10:$C$113,B15) -> 4 | F15: =COUNTIFS('Pauta Auditoría'!$C$10:$C$113,B15,'Pauta Auditoría'!$I$10:$I$113,"C") -> 0 | G15: =COUNTIFS('Pauta Auditoría'!$C$10:$C$113,B15,'Pauta Auditoría'!$I$10:$I$113,"NC") -> 0 | H15: =COUNTIFS('Pauta Auditoría'!$C$10:$C$113,B15,'Pauta Auditoría'!$I$10:$I$113,"NA") -> 0 | I15: =IF(F15+G15=0,"",F15/(F15+G15)) | J15: =COUNTIFS('Pauta Auditoría'!$C$10:$C$113,B15,'Pauta Auditoría'!$D$10:$D$113,"Desviación crítica",'Pauta Auditoría'!$I$10:$I$113,"NC") -> 0
B16: CP4 | C16: Protecciones para mangueras hidráulicas | D16: Otro control preventivo | E16: =COUNTIF('Pauta Auditoría'!$C$10:$C$113,B16) -> 4 | F16: =COUNTIFS('Pauta Auditoría'!$C$10:$C$113,B16,'Pauta Auditoría'!$I$10:$I$113,"C") -> 0 | G16: =COUNTIFS('Pauta Auditoría'!$C$10:$C$113,B16,'Pauta Auditoría'!$I$10:$I$113,"NC") -> 0 | H16: =COUNTIFS('Pauta Auditoría'!$C$10:$C$113,B16,'Pauta Auditoría'!$I$10:$I$113,"NA") -> 0 | I16: =IF(F16+G16=0,"",F16/(F16+G16)) | J16: =COUNTIFS('Pauta Auditoría'!$C$10:$C$113,B16,'Pauta Auditoría'!$D$10:$D$113,"Desviación crítica",'Pauta Auditoría'!$I$10:$I$113,"NC") -> 0
B17: CM1 | C17: Zanjas cortafuego | D17: Otro control mitigador | E17: =COUNTIF('Pauta Auditoría'!$C$10:$C$113,B17) -> 4 | F17: =COUNTIFS('Pauta Auditoría'!$C$10:$C$113,B17,'Pauta Auditoría'!$I$10:$I$113,"C") -> 0 | G17: =COUNTIFS('Pauta Auditoría'!$C$10:$C$113,B17,'Pauta Auditoría'!$I$10:$I$113,"NC") -> 0 | H17: =COUNTIFS('Pauta Auditoría'!$C$10:$C$113,B17,'Pauta Auditoría'!$I$10:$I$113,"NA") -> 0 | I17: =IF(F17+G17=0,"",F17/(F17+G17)) | J17: =COUNTIFS('Pauta Auditoría'!$C$10:$C$113,B17,'Pauta Auditoría'!$D$10:$D$113,"Desviación crítica",'Pauta Auditoría'!$I$10:$I$113,"NC") -> 0
B18: CM2 | C18: Vías de evacuación y salidas de emergencia despejadas y señalizadas | D18: Otro control mitigador | E18: =COUNTIF('Pauta Auditoría'!$C$10:$C$113,B18) -> 4 | F18: =COUNTIFS('Pauta Auditoría'!$C$10:$C$113,B18,'Pauta Auditoría'!$I$10:$I$113,"C") -> 0 | G18: =COUNTIFS('Pauta Auditoría'!$C$10:$C$113,B18,'Pauta Auditoría'!$I$10:$I$113,"NC") -> 0 | H18: =COUNTIFS('Pauta Auditoría'!$C$10:$C$113,B18,'Pauta Auditoría'!$I$10:$I$113,"NA") -> 0 | I18: =IF(F18+G18=0,"",F18/(F18+G18)) | J18: =COUNTIFS('Pauta Auditoría'!$C$10:$C$113,B18,'Pauta Auditoría'!$D$10:$D$113,"Desviación crítica",'Pauta Auditoría'!$I$10:$I$113,"NC") -> 0
B19: TOTAL | E19: =SUM(E8:E18) -> 93 | F19: =SUM(F8:F18) -> 0 | G19: =SUM(G8:G18) -> 0 | H19: =SUM(H8:H18) -> 0 | I19: =IF(F19+G19=0,"",F19/(F19+G19)) | J19: =SUM(J8:J18) -> 0
B21: B. CUMPLIMIENTO POR COMPONENTE
C22: COMPONENTE | E22: N° ÍTEMS | F22: C | G22: NC | H22: NA | I22: % CUMPLIMIENTO
C23: Estándar de desempeño | E23: =COUNTIF('Pauta Auditoría'!$D$10:$D$113,C23) -> 30 | F23: =COUNTIFS('Pauta Auditoría'!$D$10:$D$113,C23,'Pauta Auditoría'!$I$10:$I$113,"C") -> 0 | G23: =COUNTIFS('Pauta Auditoría'!$D$10:$D$113,C23,'Pauta Auditoría'!$I$10:$I$113,"NC") -> 0 | H23: =COUNTIFS('Pauta Auditoría'!$D$10:$D$113,C23,'Pauta Auditoría'!$I$10:$I$113,"NA") -> 0 | I23: =IF(F23+G23=0,"",F23/(F23+G23))
C24: Desviación crítica | E24: =COUNTIF('Pauta Auditoría'!$D$10:$D$113,C24) -> 25 | F24: =COUNTIFS('Pauta Auditoría'!$D$10:$D$113,C24,'Pauta Auditoría'!$I$10:$I$113,"C") -> 0 | G24: =COUNTIFS('Pauta Auditoría'!$D$10:$D$113,C24,'Pauta Auditoría'!$I$10:$I$113,"NC") -> 0 | H24: =COUNTIFS('Pauta Auditoría'!$D$10:$D$113,C24,'Pauta Auditoría'!$I$10:$I$113,"NA") -> 0 | I24: =IF(F24+G24=0,"",F24/(F24+G24))
C25: Entrevista | E25: =COUNTIF('Pauta Auditoría'!$D$10:$D$113,C25) -> 15 | F25: =COUNTIFS('Pauta Auditoría'!$D$10:$D$113,C25,'Pauta Auditoría'!$I$10:$I$113,"C") -> 0 | G25: =COUNTIFS('Pauta Auditoría'!$D$10:$D$113,C25,'Pauta Auditoría'!$I$10:$I$113,"NC") -> 0 | H25: =COUNTIFS('Pauta Auditoría'!$D$10:$D$113,C25,'Pauta Auditoría'!$I$10:$I$113,"NA") -> 0 | I25: =IF(F25+G25=0,"",F25/(F25+G25))
C26: Requisito del control | E26: =COUNTIF('Pauta Auditoría'!$D$10:$D$113,C26) -> 23 | F26: =COUNTIFS('Pauta Auditoría'!$D$10:$D$113,C26,'Pauta Auditoría'!$I$10:$I$113,"C") -> 0 | G26: =COUNTIFS('Pauta Auditoría'!$D$10:$D$113,C26,'Pauta Auditoría'!$I$10:$I$113,"NC") -> 0 | H26: =COUNTIFS('Pauta Auditoría'!$D$10:$D$113,C26,'Pauta Auditoría'!$I$10:$I$113,"NA") -> 0 | I26: =IF(F26+G26=0,"",F26/(F26+G26))
B28: C. RESULTADO DE LA AUDITORÍA
B29: % CUMPLIMIENTO GLOBAL | E29: =I19
B30: CALIFICACIÓN | E30: =IF(F19+G19=0,"SIN EVALUAR",IF(J19>0,"NO CONFORME – DESVIACIÓN CRÍTICA: DETENER Y REPORTAR",IF(I19>=0.9,"SATISFACTORIO",IF(I19>=0.75,"ACEPTABLE CON OBSERVACIONES","DEFICIENTE")))) -> SIN EVALUAR
B31: Criterio: ≥ 90 % Satisfactorio · 75 % – 89 % Aceptable con observaciones · < 75 % Deficiente · cualquier desviación crítica observada = NO CONFORME. (Umbrales propuestos, ajustables.)
B33: CONCLUSIONES DEL AUDITOR/A:
B34: AUDITOR/A LÍDER (NOMBRE, CARGO Y FIRMA): | E34: DUEÑO/A DEL CONTROL (NOMBRE, CARGO Y FIRMA):
B35: REVISA (NOMBRE, CARGO Y FIRMA): | E35: FECHA DE CIERRE DE ACCIONES:
