Workbook

Sheet Tablero
C2: ="PLATAFORMA ZYGHT ("&DAY(Datos!$C$6)&" de "&CHOOSE(MONTH(Datos!$C$6),"Enero","Febrero","Marzo","Abril","Mayo","Junio","Julio","Agosto","Septiembre","Octubre","Noviembre","Diciembre")&" "&YEAR(Datos!$C$6)&")" -> PLATAFORMA ZYGHT (19 de Agosto 2026) | R2: SALFAMONTAJES
B6: Fecha | E6: Tasa de Frecuencia | H6: Tasa de Gravedad | K6: Nº Acc. Con Días Perdidos (CTP) | N6: Nº Acc. Sin Días Perdidos (STP) | Q6: Tasa Eventos Significativos con Lesión (TESLI) | T6: Nº E.S Con Lesión
B8: =Datos!$C$6 -> 46253 | E8: =Datos!$C$7 -> 0 | H8: =Datos!$C$8 -> 0 | K8: =Datos!$C$9 -> 0 | N8: =Datos!$C$10 -> 0 | Q8: =Datos!$C$11 -> 0 | T8: =Datos!$C$12 -> 0
C10: Nº de Trabajadores | H10: Días sin Accidentes | M10: Record Días Sin Accidentes | R10: Fecha
C11: =Datos!$C$13 -> 118 | H11: =Datos!$C$14 -> 182 | M11: =MAX(Datos!$C$15,Datos!$C$14) -> 182 | R11: =Datos!$C$6 -> 46253
C13: REPORTE DE PELIGRO
B14: Reporte de Peligro | F14: Fecha | I14: ABIERTO | L14: Responsable de cierre | Q14: OBSERVACIÓN
B15: =Datos!$C$18 -> 110 | F15: =Datos!$C$19 -> - | I15: =Datos!$C$20 -> 0 | L15: =Datos!$C$21 -> 110 | Q15: =Datos!$C$22 -> -
C17: REPORTE PREVENTIVO
B18: Reporte Preventivo | F18: FECHA | I18: ABIERTO | L18: CERRADO | O18: Responsable de cierre | S18: OBSERVACIÓN
B19: =Datos!$C$25 -> 3 | F19: =Datos!$C$26 -> - | I19: =Datos!$C$27 -> 0 | L19: =Datos!$C$28 -> 3 | O19: =Datos!$C$29 -> Salfa Montajes | S19: =Datos!$C$30 -> -
C21: TARJETA VERDE
B22: ABIERTO | E22: CERRADO | H22: REPORTE DE PELIGRO | K22: FECHA | N22: RF APLICABLE | Q22: DESCRIPCIÓN | T22: ID
B23: =Datos!$C$33 -> 6 | E23: =Datos!$C$34 -> 0 | H23: =Datos!$C$35 -> 6 | K23: =Datos!$C$36 -> 0 | N23: =Datos!$C$37 -> - | Q23: =Datos!$B$40 -> RF 10 | T23: =Datos!$C$40 -> -
Q24: =Datos!$B$41 -> RF 01 | T24: =Datos!$C$41 -> -
Q25: =Datos!$B$42 -> RF 06 | T25: =Datos!$C$42 -> -
B26: Valores vinculados a la hoja «Datos». Récord = mayor entre el récord histórico y los días sin accidentes.

Sheet Datos
B2: DATOS DEL TABLERO – PLATAFORMA ZYGHT
B3: Edite solo las celdas amarillas (texto azul). La hoja «Tablero» se actualiza automáticamente.
B5: INDICADORES
B6: Fecha del reporte | C6: 46253
B7: Tasa de Frecuencia | C7: 0
B8: Tasa de Gravedad | C8: 0
B9: Nº Acc. Con Días Perdidos (CTP) | C9: 0
B10: Nº Acc. Sin Días Perdidos (STP) | C10: 0
B11: Tasa Eventos Significativos con Lesión (TESLI) | C11: 0
B12: Nº E.S Con Lesión | C12: 0
B13: Nº de Trabajadores | C13: 118
B14: Días sin Accidentes | C14: 182
B15: Récord Días Sin Accidentes (histórico) | C15: 182 | D15: El tablero muestra el mayor entre este valor y los días sin accidentes
B17: REPORTE DE PELIGRO
B18: Reporte de Peligro | C18: 110
B19: Fecha | C19: -
B20: Abierto | C20: 0
B21: Responsable de cierre | C21: 110
B22: Observación | C22: -
B24: REPORTE PREVENTIVO
B25: Reporte Preventivo | C25: 3
B26: Fecha | C26: -
B27: Abierto | C27: 0
B28: Cerrado | C28: 3
B29: Responsable de cierre | C29: Salfa Montajes
B30: Observación | C30: -
B32: TARJETA VERDE
B33: Abierto | C33: 6
B34: Cerrado | C34: 0
B35: Reporte de Peligro | C35: 6
B36: Fecha | C36: 0
B37: RF Aplicable | C37: -
B39: Tarjeta Verde – Descripción | C39: ID
B40: RF 10 | C40: -
B41: RF 01 | C41: -
B42: RF 06 | C42: -
