Workbook

Sheet Distribución 4 integrantes
B1: DISTRIBUCIÓN DEL TRABAJO — RÚBRICA CÁTEDRA 2 (EIN 9967)
B2: Escriba los nombres en las celdas amarillas (D5:D8). Para reasignar un ítem, cambie el N° de integrante en la columna E de la tabla (celdas amarillas).
B4: N° | C4: Rol sugerido | D4: Nombre del integrante | F4: Puntaje asignado (de 100)
B5: 1 | C5: Metodología: recolección y fuentes | D5: Integrante 1 | F5: =SUMIF($E$12:$E$21,B5,$D$12:$D$21) -> 25
B6: 2 | C6: Metodología: procesamiento + editor/a final | D6: Integrante 2 | F6: =SUMIF($E$12:$E$21,B6,$D$12:$D$21) -> 25
B7: 3 | C7: Resultados y conclusiones | D7: Integrante 3 | F7: =SUMIF($E$12:$E$21,B7,$D$12:$D$21) -> 25
B8: 4 | C8: Análisis estratégico y planificación | D8: Integrante 4 | F8: =SUMIF($E$12:$E$21,B8,$D$12:$D$21) -> 25
C9: Total | F9: =SUM(F5:F8) -> 100
B11: N° | C11: Ítem de la rúbrica | D11: Pts máx. | E11: Integrante N° | F11: Responsable | G11: Qué debe desarrollar (según rúbrica)
B12: 1 | C12: RECOLECCIÓN DE INFORMACIÓN | D12: ='Rubrica CAT_2'!I10 -> 15 | E12: 1 | F12: =INDEX($D$5:$D$8,E12) -> Integrante 1 | G12: Técnicas e instrumentos de recolección por objetivo (1 o 2), evidencia en cuerpo o anexos.
B13: 2 | C13: GESTIÓN DE FUENTES Y REFERENCIAS | D13: ='Rubrica CAT_2'!I24 -> 5 | E13: 1 | F13: =INDEX($D$5:$D$8,E13) -> Integrante 1 | G13: Citas «Apellido del Autor (Año)» en todo el informe y listado de referencias pertinentes.
B14: 3 | C14: INTEGRIDAD DE LA PROPUESTA | D14: ='Rubrica CAT_2'!I22 -> 5 | E14: 1 | F14: =INDEX($D$5:$D$8,E14) -> Integrante 1 | G14: Sustentabilidad y sellos valóricos del modelo educativo UDLA.
B15: 4 | C15: PROCESAMIENTO DE LA INFORMACIÓN | D15: ='Rubrica CAT_2'!I12 -> 15 | E15: 2 | F15: =INDEX($D$5:$D$8,E15) -> Integrante 2 | G15: Técnicas de análisis disciplinar por objetivo (1 o 2), evidencia en cuerpo o anexos.
B16: 5 | C16: FORMATO, ORTOGRAFÍA Y REDACCIÓN | D16: ='Rubrica CAT_2'!I28 -> 10 | E16: 2 | F16: =INDEX($D$5:$D$8,E16) -> Integrante 2 | G16: Revisión final: formato sin errores, ortografía y redacción, extensión ≤ 75 páginas sin anexos.
B17: 6 | C17: ANÁLISIS Y PRESENTACIÓN DE RESULTADOS | D17: ='Rubrica CAT_2'!I14 -> 15 | E17: 3 | F17: =INDEX($D$5:$D$8,E17) -> Integrante 3 | G17: Resultados ordenados y detallados por objetivo, descubrimientos y problemas encontrados.
B18: 7 | C18: CONCLUSIONES GENERAL Y POR OBJETIVOS | D18: ='Rubrica CAT_2'!I20 -> 10 | E18: 3 | F18: =INDEX($D$5:$D$8,E18) -> Integrante 3 | G18: Conclusiones por objetivo ligadas a los resultados y recomendaciones a la empresa.
B19: 8 | C19: ANÁLISIS DE IMPACTO DE LA SOLUCIÓN PROPUESTA | D19: ='Rubrica CAT_2'!I16 -> 10 | E19: 4 | F19: =INDEX($D$5:$D$8,E19) -> Integrante 4 | G19: Impactos de la propuesta y riesgos para su implementación.
B20: 9 | C20: PLAN DE ACCIÓN | D20: ='Rubrica CAT_2'!I18 -> 10 | E20: 4 | F20: =INDEX($D$5:$D$8,E20) -> Integrante 4 | G20: Actividades, secuencia y tiempos desde el diagnóstico hasta la presentación.
B21: 10 | C21: PLAN Y CARTA GANTT PROYECTO | D21: ='Rubrica CAT_2'!I26 -> 5 | E21: 4 | F21: =INDEX($D$5:$D$8,E21) -> Integrante 4 | G21: Carta Gantt completa y actualizada, incluyendo reuniones obligatorias de seguimiento.
C22: Total | D22: =SUM(D12:D21) -> 100
B24: Notas
C25: • Criterio de reparto: 25 puntos por integrante y temas afines juntos, para que cada uno tenga una parte coherente del informe.
C26: • Resultados y conclusiones van juntos (integrante 3), porque las conclusiones deben salir de los resultados de cada objetivo.
C27: • El/la integrante 2 hace además la revisión final de formato, ortografía y extensión de todo el informe.
C28: • El puntaje máximo de cada ítem se toma de la hoja «Rubrica CAT_2» (columna «pts», texto verde).

Sheet Rubrica CAT_2
D1: RÚBRICA DE EVALUACIÓN DE CÁTEDRA 2 Ingeniería Civil Industrial EIN 9967
D4: GRUPO No. | E4: Participantes: | G4: NOTA
E5: Participantes:
D6: TÍTULO
D9: Ítems | E9: (71 - 100) | F9: (41 - 70) | G9: (11 - 40) | H9: (0 - 10) | I9: pts | J9: Responsable
B10: CAPÍTULO III: METODOLOGIA | C10: BASES METODOLOGICAS | D10: RECOLECCION DE INFORMACION | E10: Describe claramente para cada Objetivo - Todas las técnicas e instrumentos de recolección seleccionadas (1 o 2 por Objetivo) - La evidencia (ya sea en cuerpo del informe o en anexos) de toda la información recolectada y los instrumentos utilizados. | F10: Describe parcialmente para cada Objetivo - Todas las técnicas e instrumentos de recolección seleccionadas (1 o 2 por Objetivo) - La evidencia (ya sea en cuerpo del informe o en anexos) de la mayor parte de la información recolectada y los instrumentos utilizados. | G10: Describe escasamente o en forma ambigua para cada Objetivo - Algunas de las técnicas e instrumentos de recolección seleccionadas (1 o 2 por Objetivo) - La evidencia (ya sea en cuerpo del informe o en anexos) de parte de la información recolectada y los instrumentos utilizados. | H10: Describe para cada Objetivo - Las técnicas e instrumentos de recolección seleccionadas (1 o 2 por Objetivo) - La evidencia (ya sea en cuerpo del informe o en anexos) de la información recolectada y los instrumentos utilizados. | I10: 15 | J10: ='Distribución 4 integrantes'!F12 -> Integrante 1
D11: Puntaje | E11: (Entre 13 y 15 pts) | F11: (Entre 9 y 12 pts) | G11: (Entre 4 y 8 pts) | H11: (Entre 0 y 3 pts)
D12: PROCESAMIENTO DE LA INFORMACION | E12: Describe claramente para cada Objetivo - Todas las técnicas del análisis disciplinar utilizadas (1 o 2 por Objetivo) - La evidencia (ya sea en cuerpo del informe o en anexos) de toda la información procesada y las técnicas disciplinares utilizadas. - Se plantean y analizan al menos 3 alternativas de solución al problema planteado por el proyecto. | F12: Describe parcialmente para cada Objetivo - Todas las técnicas del análisis disciplinar utilizadas (1 o 2 por Objetivo) - La evidencia (ya sea en cuerpo del informe o en anexos) de la mayor parte de la información procesada y las técnicas disciplinares utilizadas. - Se plantean y analizan al menos 2 alternativas de solución al problema planteado por el proyecto. | G12: Describe escasamente o en forma ambigua para cada Objetivo - Algunas de las técnicas del análisis disciplinar utilizadas (1 o 2 por Objetivo) - La evidencia (ya sea en cuerpo del informe o en anexos) de parte de la información procesada y las técnicas disciplinares utilizadas. - Se plantean y analizan al menos 1 alternativa de solución al problema planteado por el proyecto. | H12: Describe claramente para cada Objetivo - Las técnicas del análisis disciplinar utilizadas (1 o 2 por Objetivo) - La evidencia (ya sea en cuerpo del informe o en anexos) de la información procesada y las técnicas disciplinares utilizadas. - NO se plantean alternativas de solución al proyecto. | I12: 15 | J12: ='Distribución 4 integrantes'!F15 -> Integrante 2
D13: Puntaje | E13: (Entre 13 y 15 pts) | F13: (Entre 9 y 12 pts) | G13: (Entre 4 y 8 pts) | H13: (Entre 0 y 3 pts)
D14: ANALISIS Y PRESENTACIÓN DE RESULTADOS | E14: - Precisa los resultados en forma ordenada y detallada para cada uno de los objetivos del proyecto. - Indica los principales descubrimientos y problemas encontrados, asi como la forma en que fiueron abordados. | F14: - Precisa los resultados de forma poco ordenada y con escaso detalle necesario para cada uno de los objetivos del proyecto. - Indica de manera incompleta principales descubrimientos o problemas encontrados, asi como la forma en que fiueron abordados. | G14: - Precisa los resultados de forma desordenada y sin el detalle necesario por cada uno de los objetivos del proyecto. - No indica principales descubrimientos y problemas encontrados, asi como la forma en que fiueron abordados. | H14: - No precisa los resultados por cada uno de los objetivos del proyecto. - No indica principales descubrimientos y problemas encontrados, asi como la forma en que fiueron abordados. | I14: 15 | J14: ='Distribución 4 integrantes'!F17 -> Integrante 3
D15: Puntaje | E15: (Entre 13 y 15 pts) | F15: (Entre 9 y 12 pts) | G15: (Entre 4 y 8 pts) | H15: (Entre 0 y 3 pts)
C16: ANALISIS ESTRATEGICO | D16: ANALISIS DE IMPACTO DE LA SOLUCION PROPUESTA | E16: Presenta un análisis detallado de : - Los impactos que tendra la propuesta en la solución del problema - Los riesgos para la implementación de la solución y el plan de control de los mismos. - Los aspectos del desarrollo sustentable del proyecto que permiten levantar elementos deseados e indeseados relevantes, requeridos para una implementación viable. Supone que todos los puntos fueron abortados en forma detallada. | F16: Presenta un análisis parcial de : - Los impactos que tendra la propuesta en la solución del problema - Los riesgos para la implementación de la solución y el plan de control de los mismos. - Los aspectos del desarrollo sustentable del proyecto que permiten levantar elementos deseados e indeseados relevantes, requeridos para una implementación viable. Supone que aunque en forma incompleta, se abordan los 3 puntos descritos. | G16: Presenta un análisis básico de : - Los impactos que tendra la propuesta en la solución del problema - Los riesgos para la implementación de la solución y el plan de control de los mismos. - Los aspectos del desarrollo sustentable del proyecto que permiten levantar elementos deseados e indeseados relevantes, requeridos para una implementación viable. Supone que alguno de los puntos pudo no haber sido abortado. | H16: No Presenta un análisis de : - Los impactos que tendra la propuesta en la solución del problema - Los riesgos para la implementación de la solución y el plan de control de los mismos. - Los aspectos del desarrollo sustentable del proyecto que permiten levantar elementos deseados e indeseados relevantes, requeridos para una implementación viable. Supone que no presenta ninguno de los puntos solicitados o su desarrollo en muy deficiente.. | I16: 10 | J16: ='Distribución 4 integrantes'!F19 -> Integrante 4
D17: Puntaje | E17: (Entre 9 y 10 pts) | F17: (Entre 6 y 8 pts) | G17: (Entre 3 y 5 pts) | H17: (Entre 0 y 2 pts)
C18: PLAN DE IMPLEMENTACION | D18: PLAN DE ACCIÓN | E18: - El tiempo estipulado para para cada actividad es pertinente con la naturaleza de la tarea, considerando desde el diagnostico hasta la presentación de las soluciones. - Los recursos asociados a las actividades (humanos, materiales y económicos) son pertinentes y suficientes para cada actividad. | F18: - El tiempo estipulado para para cada actividad es pertinente con la naturaleza de la tarea, considerando desde el diagnostico hasta la presentación de las soluciones, pero en la secuencia de tareas no se aplica la organización establecida para el proyecto. - Los recursos asociados a las actividades (humanos, materiales y económicos) son pertinentes a las necesidad de las actividades pero en ocasiones no son suficientes para su ejecución | G18: - El tiempo estipulado para las actividades es insuficiente o demasiado en relación a la naturaleza de la tarea, en la secuencia de tareas no se aplica la organización establecida para el proyecto. - Los recursos asociados a las actividades (humanos, materiales y económicos) no son pertinentes ni suficientes en relación a las necesidades del proyecto | H18: - El tiempo estipulado para las actividades es insuficiente o demasiado en relación a la naturaleza de la tarea, el detalle de las actividades asociadas no permite visibilizar la organización secuencial y efectiva del tiempo. - La planificación no considera todos los tipos de recursos necesarios para cada actividad. | I18: 10 | J18: ='Distribución 4 integrantes'!F20 -> Integrante 4
D19: Puntaje | E19: (Entre 9 y 10 pts) | F19: (Entre 6 y 8 pts) | G19: (Entre 3 y 5 pts) | H19: (Entre 0 y 2 pts)
B20: CAPÍTULO IV: CONCLUSIONES | C20: CONCLUSIONES DEL PROYECTO | D20: CONCLUSIONES GENERAL Y POR OBJETIVOS | E20: - Las conclusiones de cada objetivo tienen una excelente relación con el resultado de la técnica disciplinar. - Presenta recomendaciones relevantes a la empresa como producto del desarrollo del proyecto. | F20: - Las conclusiones de cada objetivo tienen una buena relación con el resultado de la técnica disciplinar. - Presenta recomendaciones a la empresa como producto del desarrollo del proyecto, pero no se aprecia que sean relevantes. | G20: - Las conclusiones de cada objetivo tienen una baja relación con el resultado de la técnica disciplinar. - No presenta recomendaciones a la empresa como producto del desarrollo del proyecto. | H20: - Las conclusiones de cada objetivo no tienen relación con el resultado de la técnica disciplinar. - No presenta recomendaciones a la empresa como producto del desarrollo del proyecto. | I20: 10 | J20: ='Distribución 4 integrantes'!F18 -> Integrante 3
D21: Puntaje | E21: (Entre 9 y 10 pts) | F21: (Entre 6 y 8 pts) | G21: (Entre 3 y 5 pts) | H21: (Entre 0 y 2 pts)
D22: INTEGRIDAD DE LA PROPUESTA | E22: El proyecto considera en su totalidad aspectos tales como la sustentantibilidad y los sellos valóricos del modelo educativo UDLA. | F22: El proyecto considera la mayoría de aspectos tales como la sustentantibilidad y los sellos valóricos del modelo educativo UDLA.. | G22: El proyecto considera algunos de los aspectos tales como la sustentantibilidad y los sellos valóricos del modelo educativo UDLA. | H22: El proyecto no considera o tiene baja presencia de algunos aspectos tales como la sustentantibilidad y los sellos valóricos del modelo educativo UDLA.. | I22: 5 | J22: ='Distribución 4 integrantes'!F14 -> Integrante 1
D23: Puntaje | E23: (5 pts) | F23: (4 pts) | G23: (Entre 2 y 3 pts) | H23: (Entre 0 y 1 pts)
B24: REFERENCIAS BIBLIOGRÁFICAS | C24: REFERENCIAS BIBLIOGRÁFICAS | D24: GESTIÓN DE FUENTES Y REFERENCIAS | E24: - Muestra de manera correcta las fuentes consultadas "Apellido del Autor (Año)" a lo largo del informe. Se refleja el uso de referencias bibliográficas pertinentes al enfoque seleccionado y estan actualizadas (no mayor de 10 años). - Emplea con rigor la norma APA para la cita y para reflejar las referencias al final del trabajo. - Todas las fuentes citadas se reflejan en las referencias bibliográficas. - Todas las referencias bibilograficas se encuentran citadas al menos una vez en el documento. | F24: - Muestra las fuentes consultadas en el informe, sin considerar una norma estandar. - Se refleja el uso de referencias bibliográficas con poca pertinencia con el enfoque seleccionado y estan poco actualizadas (mayor de 10 años). - Emplea la norma APA para las citas y refleja las referencias al final del trabajo sin considerar todas las espeificaciones. - Al menos 1 las fuentes citadas no se reflejan en las referencias bibliográficas. - Al menos 1 de las referencias bibilograficas se encuentran citadas al menos una vez en el documento. | G24: - Muestra algunas fuentes consultadas en el informe, pero no considera ninguna norma. - Se refleja el uso de referencias bibliográficas no pertinentes con el enfoque seleccionado y estan desactualizadas (mayor de 20 años). - Emplea la norma APA sin cuidar especificaciones para las citas. - Al menos 2 de las fuentes citadas no se indican en las referencias bibliográficas - Al menos 2 de las referencias bibilograficas se encuentran citadas al menos una vez en el documento. | H24: - No muestra ninguna fuente consultada a lo largo del informe. - Se refleja el uso de referencias bibliográficas no pertinentes con el enfoque seleccionado y desactualizadas (mayor de 20 años). - No emplea la norma APA para las citas. - No se indican las fuentes citadas en las referencias bibliográficas. - No se muestran referencias bibilograficas que se encuentran citadas al menos una vez en el documento. | I24: 5 | J24: ='Distribución 4 integrantes'!F13 -> Integrante 1
D25: Puntaje | E25: (5 pts) | F25: (4 pts) | G25: (Entre 2 y 3 pts) | H25: (Entre 0 y 1 pts)
B26: PLANIFICACION DEL PROYECTO | C26: PLANIFICACION DEL PROYECTO | D26: PLAN Y CARTA GANTT PROYECTO | E26: - Plan de trabajo completo y actualizado (carta gantt), o - Se cumple con plan exigido (0 fallas) y incluyendo las reuniones obligatorias de seguimiento con el Profesor Guia. | F26: - Plan de trabajo completo y no actualizado (carta gantt), o - Se cumple con plan exigido (0 fallas) incluyendo las reuniones obligatorias de seguimiento con el Profesor Guia. | G26: - Plan de trabajo incompleto y no actualizado (carta gantt), o - No se cumple con plan exigido (1 o 2 fallas) incluyendo las reuniones obligatorias de seguimiento con el Profesor Guia. | H26: - No se presenta plan de trabajo (carta gantt), o - No se cumple con plan exigido (más de 2 fallas) incluyendo las reuniones obligatorias de seguimiento con el Profesor Guia. | I26: 5 | J26: ='Distribución 4 integrantes'!F21 -> Integrante 4
D27: Puntaje | E27: (5 pts) | F27: (4 pts) | G27: (Entre 2 y 3 pts) | H27: (Entre 0 y 1 pts)
B28: CUMPLIMEINTO DE FORMATO Y PRESENTACIÓN | C28: CORRECCION ORTOTIPOGRÁFICA Y ESTILO | D28: FORMATO, ORTOGRAFIA Y REDACCION | E28: - Formato 100% (sin errores) - Ortografia y redacción(sin errores) - Extensión del informe ( sin anexos): 75 paginas | F28: - Formato (Entre 1 y 3 errores), o - Ortografia y redacción (Entre 1 y 3 errores) - Extensión del informe ( sin anexos) esta entre 76 y 80 paginas | G28: - Formato (Entre 4 y 6 errores), o - Ortografia y redacción (Entre 4 y 6 errores) - Extensión del informe ( sin anexos) esta entre 81 y 85 paginas | H28: - Formato (7 o más errores), o - Ortografia y redacción (7 o más errores) - Extensión del informe ( sin anexos) supera las 85 paginas | I28: 10 | J28: ='Distribución 4 integrantes'!F16 -> Integrante 2
D29: Puntaje | E29: (Entre 9 y 10 pts) | F29: (Entre 6 y 8 pts) | G29: (Entre 3 y 5 pts) | H29: (Entre 0 y 2 pts)
I30: =SUM(I10:I29) -> 100
